﻿{
    "imageArr": [
        {
            "ID": "1",
            "IMAPAURL": "http://gwop.xtrich.com/xtApp/lexianghuo1.html",
            "IMAURL": "http://192.168.191.1:8080/P2PInvest/images/index01.png"
        },
        {
            "ID": "2",
            "IMAPAURL": "http://gwop.xtrich.com/xtApp/new-plan.html",
            "IMAURL": "http://192.168.191.1:8080/P2PInvest/images/index02.png"
        },
        {
            "ID": "3",
            "IMAPAURL": "http://gwop.xtrich.com/xtApp/new-plan.html",
            "IMAURL": "http://192.168.191.1:8080/P2PInvest/images/index03.png"
        },
        {
            "ID": "5",
            "IMAPAURL": "http://gwop.xtrich.com/xtApp/twcx.html",
            "IMAURL": "http://192.168.191.1:8080/P2PInvest/images/index04.png"
        }
    ],
    "proInfo": {
        "id": "1",
        "memberNum": "100",
        "minTouMoney": "100",
        "money": "10",
        "name": "硅谷彩虹新手计划",
        "progress": "90",
        "suodingDays": "30",
        "yearRate": "8.00"
    }
}